#Time	'HT Avg'	'MT Avg'	'LIT Avg'	'LT Avg'	'Total Avg'	'count'
0	0.000000	0.000000	0.000000	0.000000	0.000000	0.000000
0.01	0.000000	-0.003356	-0.009960	0.039370	-0.001000	155.000000
0.02	-0.068493	0.062081	-0.022908	-0.039370	-0.003000	294.000000
0.03	-0.068493	0.082215	-0.040837	-0.007874	-0.002000	404.000000
0.04	-0.130137	0.085570	-0.029880	-0.007874	0.000000	483.000000
0.05	-0.130137	0.112416	-0.030876	-0.003937	0.008000	543.000000
0.06	-0.130137	0.127517	-0.042829	-0.007874	0.006000	607.000000
0.07	-0.061644	0.105705	-0.018924	-0.090551	0.006000	661.000000
0.08	0.020548	0.067114	-0.013944	0.003937	0.015000	718.000000
0.09	-0.184932	0.120805	-0.036853	0.125984	0.020000	764.000000
0.1	-0.452055	0.182886	-0.045817	0.181102	0.021500	794.000000
0.11	-0.383562	0.194631	-0.086653	0.271654	0.021000	822.000000
0.12	-0.171233	0.233221	-0.159363	0.350394	0.021500	852.000000
0.13	-0.239726	0.147651	-0.114542	0.437008	0.024500	887.000000
0.14	-0.301370	0.164430	-0.093625	0.366142	0.026500	926.000000
0.15	-0.226027	0.218121	-0.097610	0.248031	0.031000	975.000000
0.16	-0.369863	0.233221	-0.065737	0.244094	0.040500	1002.000000
0.17	-0.226027	0.187919	-0.043825	0.275591	0.052500	1024.000000
0.18	-0.506849	0.201342	-0.041833	0.314961	0.042000	1056.000000
0.19	-0.390411	0.218121	-0.068725	0.362205	0.048000	1089.000000
0.2	-0.438356	0.258389	-0.059761	0.326772	0.056500	1116.000000
0.21	-0.506849	0.280201	-0.047809	0.291339	0.059500	1154.000000
0.22	-0.575342	0.290268	-0.045817	0.374016	0.069000	1185.000000
0.23	-0.636986	0.305369	-0.025896	0.338583	0.074500	1213.000000
0.24	-0.767123	0.303691	-0.032869	0.421260	0.071500	1245.000000
0.25	-0.561644	0.246644	-0.004980	0.429134	0.084500	1272.000000
0.26	-0.602740	0.271812	0.022908	0.389764	0.098000	1306.000000
0.27	-0.602740	0.275168	-0.002988	0.429134	0.091000	1344.000000
0.28	-0.664384	0.243289	0.043825	0.417323	0.099000	1374.000000
0.29	-0.767123	0.233221	0.063745	0.468504	0.105000	1401.000000
0.3	-0.760274	0.208054	0.097610	0.543307	0.124500	1436.000000
0.31	-0.828767	0.276846	0.065737	0.496063	0.118000	1468.000000
0.32	-0.835616	0.260067	0.065737	0.586614	0.124000	1490.000000
0.33	-0.821918	0.231544	0.083665	0.590551	0.126000	1519.000000
0.34	-0.753425	0.147651	0.100598	0.748031	0.134500	1549.000000
0.35	-0.746575	0.171141	0.085657	0.744094	0.134000	1587.000000
0.36	-0.616438	0.191275	0.116534	0.582677	0.144500	1611.000000
0.37	-0.513699	0.211409	0.123506	0.594488	0.163000	1636.000000
0.38	-0.315068	0.189597	0.126494	0.685039	0.184000	1675.000000
0.39	-0.239726	0.176174	0.103586	0.696850	0.175500	1706.000000
0.4	-0.184932	0.241611	0.056773	0.736220	0.180500	1739.000000
0.41	-0.171233	0.248322	0.050797	0.728346	0.179500	1766.000000
0.42	-0.438356	0.278523	0.005976	0.720472	0.145500	1805.000000
0.43	-0.616438	0.268456	0.032869	0.688976	0.139000	1832.000000
0.44	-0.623288	0.218121	0.075697	0.645669	0.139500	1860.000000
0.45	-0.479452	0.255034	0.039841	0.653543	0.144000	1888.000000
0.46	-0.746575	0.255034	0.078685	0.657480	0.144500	1924.000000
0.47	-0.828767	0.295302	0.058765	0.740157	0.151000	1957.000000
0.48	-0.671233	0.256711	0.043825	0.700787	0.138500	1990.000000
0.49	-0.705479	0.260067	0.036853	0.748031	0.139500	2022.000000
0.5	-0.623288	0.281879	-0.001992	0.716535	0.128500	2048.000000
0.51	-0.479452	0.248322	0.067729	0.555118	0.143500	2079.000000
0.52	-0.554795	0.253356	0.116534	0.429134	0.148000	2109.000000
0.53	-0.465753	0.162752	0.123506	0.503937	0.140500	2140.000000
0.54	-0.452055	0.078859	0.186255	0.519685	0.150000	2178.000000
0.55	-0.397260	0.045302	0.150398	0.543307	0.129000	2205.000000
0.56	-0.527397	0.026846	0.167331	0.665354	0.138000	2226.000000
0.57	-0.678082	0.025168	0.145418	0.673228	0.116500	2259.000000
0.58	-0.739726	0.062081	0.176295	0.602362	0.129500	2292.000000
0.59	-0.808219	0.095638	0.158367	0.720472	0.140500	2324.000000
0.6	-0.808219	-0.018456	0.220120	0.688976	0.133500	2357.000000
0.61	-0.808219	0.055369	0.191235	0.696850	0.142000	2398.000000
0.62	-0.678082	0.184564	0.133466	0.661417	0.156500	2423.000000
0.63	-0.472603	0.110738	0.227092	0.535433	0.180500	2459.000000
0.64	-0.342466	0.125839	0.222112	0.496063	0.187000	2483.000000
0.65	-0.541096	0.151007	0.212151	0.653543	0.195000	2509.000000
0.66	-0.602740	0.243289	0.170319	0.740157	0.208000	2539.000000
0.67	-0.465753	0.260067	0.179283	0.728346	0.226000	2566.000000
0.68	-0.472603	0.228188	0.187251	0.846457	0.235000	2607.000000
0.69	-0.684932	0.238255	0.233068	0.850394	0.246000	2633.000000
0.7	-0.732877	0.208054	0.262948	0.858268	0.249500	2663.000000
0.71	-0.787671	0.234899	0.261952	0.854331	0.252500	2702.000000
0.72	-0.821918	0.186242	0.231076	0.980315	0.236000	2734.000000
0.73	-0.945205	0.147651	0.199203	1.023622	0.205000	2768.000000
0.74	-1.006849	0.214765	0.189243	1.027559	0.216000	2806.000000
0.75	-0.883562	0.167785	0.216135	1.299213	0.259000	2838.000000
0.76	-0.938356	0.248322	0.216135	1.259843	0.274000	2870.000000
0.77	-0.938356	0.246644	0.197211	1.212598	0.258000	2902.000000
0.78	-0.767123	0.236577	0.151394	1.267717	0.251500	2929.000000
0.79	-0.650685	0.359060	0.096614	1.425197	0.289000	2958.000000
0.8	-0.719178	0.385906	0.102590	1.354331	0.286000	2988.000000
0.81	-0.678082	0.461409	0.009960	1.448819	0.277000	3014.000000
0.82	-0.842466	0.593960	0.003984	1.480315	0.305500	3056.000000
0.83	-1.123288	0.610738	0.025896	1.602362	0.316500	3080.000000
0.84	-1.136986	0.530201	0.051793	1.527559	0.295000	3110.000000
0.85	-1.280822	0.461409	0.118526	1.562992	0.302000	3143.000000
0.86	-1.369863	0.473154	0.063745	1.523622	0.266500	3179.000000
0.87	-1.219178	0.461409	0.020916	1.547244	0.255500	3215.000000
0.88	-1.363014	0.568792	0.028884	1.468504	0.271000	3247.000000
0.89	-1.294521	0.531879	0.056773	1.468504	0.279000	3278.000000
0.9	-1.506849	0.526846	0.034861	1.547244	0.261000	3307.000000
0.91	-1.575342	0.496644	0.064741	1.433071	0.247500	3333.000000
0.92	-1.643836	0.562081	0.111554	1.224409	0.259000	3360.000000
0.93	-1.780822	0.624161	0.052789	1.224409	0.238000	3401.000000
0.94	-1.849315	0.645973	0.014940	1.342520	0.235500	3423.000000
0.95	-1.917808	0.708054	-0.050797	1.181102	0.195500	3456.000000
0.96	-1.979452	0.662752	-0.019920	1.102362	0.183000	3485.000000
0.97	-1.986301	0.587248	0.003984	1.145669	0.177500	3518.000000
0.98	-1.897260	0.568792	0.007968	1.248031	0.193500	3550.000000
0.99	-1.698630	0.615772	0.051793	1.224409	0.241000	3601.000000
1	-1.541096	0.511745	0.093625	1.240157	0.244500	3631.000000
1.01	-1.767123	0.577181	0.084661	1.204724	0.238500	3660.000000
1.02	-1.486301	0.572148	0.062749	1.082677	0.231000	3694.000000
1.03	-1.328767	0.578859	0.016932	1.051181	0.217500	3720.000000
1.04	-1.280822	0.578859	-0.040837	1.114173	0.200000	3754.000000
1.05	-1.205479	0.526846	-0.056773	1.228346	0.196500	3783.000000
1.06	-1.136986	0.511745	-0.083665	1.346457	0.198500	3814.000000
1.07	-1.000000	0.602349	-0.206175	1.401575	0.181000	3844.000000
1.08	-0.917808	0.568792	-0.235060	1.437008	0.167000	3867.000000
1.09	-1.068493	0.476510	-0.227092	1.374016	0.124500	3890.000000
1.1	-0.801370	0.449664	-0.269920	1.405512	0.118500	3920.000000
1.11	-0.801370	0.479866	-0.266932	1.366142	0.124000	3955.000000
1.12	-0.856164	0.496644	-0.219124	1.448819	0.159500	3988.000000
1.13	-0.972603	0.498322	-0.212151	1.496063	0.161000	4009.000000
1.14	-0.890411	0.553691	-0.199203	1.507874	0.191500	4040.000000
1.15	-0.945205	0.580537	-0.194223	1.452756	0.191000	4078.000000
1.16	-1.219178	0.568792	-0.191235	1.543307	0.180500	4109.000000
1.17	-1.205479	0.617450	-0.200199	1.858268	0.231500	4141.000000
1.18	-1.130137	0.610738	-0.225100	1.818898	0.217500	4178.000000
1.19	-1.246575	0.728188	-0.257968	1.783465	0.223000	4200.000000
1.2	-1.109589	0.728188	-0.252988	1.708661	0.226000	4239.000000
1.21	-1.184932	0.815436	-0.316733	1.822835	0.229000	4273.000000
1.22	-0.924658	0.914430	-0.355578	1.696850	0.242000	4297.000000
1.23	-0.630137	0.958054	-0.377490	1.700787	0.266000	4328.000000
1.24	-0.616438	0.947987	-0.396414	1.681102	0.252000	4355.000000
1.25	-0.739726	0.909396	-0.430279	1.724409	0.220000	4399.000000
1.26	-0.876712	0.978188	-0.401394	1.610236	0.230500	4430.000000
1.27	-0.760274	1.028523	-0.415339	1.578740	0.243000	4460.000000
1.28	-0.678082	1.031879	-0.400398	1.539370	0.252500	4484.000000
1.29	-0.664384	0.989933	-0.368526	1.511811	0.253500	4510.000000
1.3	-0.458904	1.008389	-0.413347	1.511811	0.251500	4532.000000
1.31	-0.390411	1.075503	-0.412351	1.503937	0.276000	4554.000000
1.32	-0.506849	1.063758	-0.350598	1.496063	0.294000	4585.000000
1.33	-0.342466	1.092282	-0.376494	1.578740	0.312000	4617.000000
1.34	-0.397260	1.085570	-0.362550	1.708661	0.329500	4636.000000
1.35	-0.383562	1.124161	-0.352590	1.704724	0.346500	4673.000000
1.36	-0.356164	1.120805	-0.327689	1.708661	0.360500	4708.000000
1.37	-0.493151	1.132550	-0.335657	1.720472	0.351500	4747.000000
1.38	-0.356164	1.157718	-0.328685	1.653543	0.364000	4787.000000
1.39	-0.438356	1.208054	-0.364542	1.622047	0.351000	4820.000000
1.4	-0.410959	1.218121	-0.324701	1.736220	0.390500	4843.000000
1.41	-0.404110	1.192953	-0.284861	1.724409	0.402000	4879.000000
1.42	-0.349315	1.310403	-0.278884	1.625984	0.431500	4918.000000
1.43	-0.342466	1.197987	-0.270916	1.720472	0.414500	4950.000000
1.44	-0.410959	1.278523	-0.360558	1.515748	0.362500	4980.000000
1.45	-0.417808	1.531879	-0.326693	1.472441	0.449000	5006.000000
1.46	-0.500000	1.454698	-0.251992	1.755906	0.493500	5043.000000
1.47	-0.547945	1.541946	-0.287849	1.602362	0.478500	5085.000000
1.48	-0.534247	1.526846	-0.256972	1.570866	0.486500	5108.000000
1.49	-0.390411	1.610738	-0.285857	1.582677	0.509000	5139.000000
1.5	-0.376712	1.634228	-0.268924	1.708661	0.541500	5169.000000
1.51	-0.171233	1.536913	-0.269920	1.633858	0.517500	5194.000000
1.52	-0.027397	1.568792	-0.232072	1.767717	0.573500	5218.000000
1.53	-0.082192	1.550336	-0.209163	1.696850	0.566500	5247.000000
1.54	-0.116438	1.590604	-0.154382	1.696850	0.603500	5280.000000
1.55	-0.047945	1.498322	-0.174303	1.677165	0.568500	5314.000000
1.56	-0.068493	1.585570	-0.161355	1.377953	0.561500	5336.000000
1.57	-0.061644	1.661074	-0.206175	1.551181	0.584000	5364.000000
1.58	0.157534	1.610738	-0.225100	1.681102	0.592000	5399.000000
1.59	0.232877	1.679530	-0.320717	1.685039	0.570500	5427.000000
1.6	0.315068	1.741611	-0.302789	1.598425	0.593000	5462.000000
1.61	0.465753	1.760067	-0.330677	1.598425	0.595500	5490.000000
1.62	0.458904	1.890940	-0.359562	1.637795	0.624500	5522.000000
1.63	0.130137	1.917785	-0.336653	1.547244	0.608500	5551.000000
1.64	0.143836	2.023490	-0.247012	1.692913	0.704500	5575.000000
1.65	-0.047945	1.912752	-0.215139	1.830709	0.691000	5606.000000
1.66	-0.130137	2.020134	-0.203187	1.629921	0.697500	5638.000000
1.67	-0.390411	2.040268	-0.194223	1.901575	0.723500	5671.000000
1.68	-0.589041	2.026846	-0.194223	1.996063	0.717000	5699.000000
1.69	-0.650685	2.023490	-0.202191	1.996063	0.707500	5743.000000
1.7	-0.719178	2.063758	-0.208167	2.074803	0.721500	5775.000000
1.71	-0.623288	2.013423	-0.211155	2.165354	0.723500	5803.000000
1.72	-0.650685	1.954698	-0.246016	2.023622	0.668500	5827.000000
1.73	-0.506849	1.911074	-0.364542	1.988189	0.602000	5860.000000
1.74	-0.568493	1.802013	-0.379482	1.937008	0.551000	5886.000000
1.75	-0.643836	1.823826	-0.354582	1.763780	0.542500	5905.000000
1.76	-0.712329	1.817114	-0.318725	1.724409	0.548500	5937.000000
1.77	-0.767123	2.008389	-0.358566	1.783465	0.589000	5967.000000
1.78	-1.123288	2.065436	-0.248008	1.842520	0.643000	5992.000000
1.79	-1.116438	2.003356	-0.199203	1.858268	0.651500	6019.000000
1.8	-1.232877	2.154362	-0.140438	1.874016	0.719500	6050.000000
1.81	-1.226027	2.243289	-0.182271	1.795276	0.715500	6076.000000
1.82	-1.376712	2.199664	-0.184263	1.913386	0.705500	6105.000000
1.83	-1.486301	2.058725	-0.114542	2.000000	0.701500	6139.000000
1.84	-1.705479	2.001678	-0.144422	2.157480	0.673500	6179.000000
1.85	-1.582192	1.947987	-0.100598	2.043307	0.674000	6211.000000
1.86	-2.054795	1.845638	-0.041833	2.165354	0.654000	6237.000000
1.87	-1.986301	1.850671	-0.085657	2.173228	0.639500	6266.000000
1.88	-1.691781	1.832215	-0.136454	2.059055	0.615500	6297.000000
1.89	-1.678082	1.776846	-0.087649	2.141732	0.635000	6334.000000
1.9	-1.753425	1.552013	-0.081673	2.133858	0.564500	6354.000000
1.91	-1.876712	1.567114	-0.080677	2.212598	0.570500	6384.000000
1.92	-2.082192	1.612416	-0.062749	2.362205	0.597000	6420.000000
1.93	-2.212329	1.610738	-0.049801	2.496063	0.610500	6445.000000
1.94	-2.020548	1.567114	-0.026892	2.401575	0.611000	6487.000000
1.95	-2.075342	1.610738	-0.009960	2.437008	0.633000	6522.000000
1.96	-2.075342	1.602349	-0.040837	2.326772	0.601000	6554.000000
1.97	-2.130137	1.723154	-0.102590	2.271654	0.595000	6581.000000
1.98	-2.198630	1.703020	-0.128486	2.161417	0.557000	6611.000000
1.99	-2.383562	1.744966	-0.158367	2.141732	0.538500	6636.000000
2	-2.458904	1.686242	-0.241036	2.066929	0.464500	6667.000000
2.01	-2.321918	1.755034	-0.259960	1.984252	0.475000	6698.000000
2.02	-2.458904	1.708054	-0.251992	2.141732	0.475000	6723.000000
2.03	-2.301370	1.713087	-0.262948	2.228346	0.493500	6754.000000
2.04	-2.438356	1.682886	-0.264940	2.299213	0.482500	6776.000000
2.05	-2.075342	1.610738	-0.197211	2.370079	0.530500	6801.000000
2.06	-1.616438	1.619128	-0.195219	2.381890	0.569000	6838.000000
2.07	-1.897260	1.699664	-0.142430	2.299213	0.588500	6876.000000
2.08	-1.897260	1.734899	-0.159363	2.299213	0.590500	6920.000000
2.09	-1.821918	1.768456	-0.088645	2.181102	0.626500	6954.000000
2.1	-1.958904	1.738255	-0.032869	2.216535	0.640000	6989.000000
2.11	-2.095890	1.676174	0.023904	2.011811	0.614000	7022.000000
2.12	-2.054795	1.592282	-0.009960	1.850394	0.554500	7049.000000
2.13	-1.993151	1.687919	-0.024900	1.862205	0.581500	7083.000000
2.14	-1.931507	1.642617	-0.016932	1.944882	0.587000	7115.000000
2.15	-1.794521	1.654362	-0.048805	1.940945	0.584000	7137.000000
2.16	-1.780822	1.431208	0.044821	2.043307	0.578500	7168.000000
2.17	-1.650685	1.401007	0.121514	1.826772	0.590000	7204.000000
2.18	-1.643836	1.307047	0.125498	1.917323	0.576000	7244.000000
2.19	-1.698630	1.387584	-0.015936	2.059055	0.543000	7284.000000
2.2	-1.397260	1.385906	-0.036853	2.106299	0.560000	7309.000000
2.21	-1.253425	1.384228	-0.036853	1.992126	0.555500	7346.000000
2.22	-1.178082	1.424497	-0.088645	1.909449	0.536500	7365.000000
2.23	-1.294521	1.422819	-0.031873	2.220472	0.595500	7389.000000
2.24	-1.342466	1.300336	0.065737	2.224409	0.605000	7417.000000
2.25	-1.410959	1.453020	0.103586	1.960630	0.631000	7444.000000
2.26	-1.547945	1.416107	0.159363	1.885827	0.628500	7478.000000
2.27	-1.458904	1.352349	0.177291	1.669291	0.597500	7501.000000
2.28	-1.315068	1.424497	0.171315	1.625984	0.621000	7529.000000
2.29	-1.547945	1.401007	0.214143	1.708661	0.629000	7560.000000
2.3	-1.541096	1.275168	0.289841	1.720472	0.631500	7584.000000
2.31	-1.417808	1.293624	0.223108	1.696850	0.609500	7614.000000
2.32	-1.554795	1.134228	0.250000	1.964567	0.599500	7645.000000
2.33	-1.294521	1.065436	0.229084	2.051181	0.598500	7680.000000
2.34	-1.445205	1.068792	0.249004	2.019685	0.594500	7713.000000
2.35	-1.417808	1.078859	0.278884	1.917323	0.601500	7746.000000
2.36	-1.363014	1.036913	0.254980	2.039370	0.596500	7780.000000
2.37	-1.342466	1.057047	0.248008	1.960630	0.590500	7809.000000
2.38	-1.198630	1.152685	0.213147	1.956693	0.611500	7843.000000
2.39	-1.191781	1.192953	0.166335	1.744094	0.573500	7869.000000
2.4	-1.479452	1.194631	0.127490	2.062992	0.574000	7891.000000
2.41	-1.342466	1.197987	0.125498	2.106299	0.589500	7921.000000
2.42	-1.486301	1.226510	0.185259	1.976378	0.601000	7952.000000
2.43	-1.554795	1.169463	0.281873	1.893701	0.617000	7986.000000
2.44	-2.116438	1.367450	0.249004	1.893701	0.618500	8017.000000
2.45	-2.109589	1.461409	0.202191	1.933071	0.628500	8047.000000
2.46	-2.041096	1.365772	0.242032	2.228346	0.662500	8077.000000
2.47	-1.767123	1.333893	0.408367	2.244094	0.758500	8104.000000
2.48	-1.760274	1.348993	0.439243	2.137795	0.765500	8128.000000
2.49	-1.760274	1.268456	0.414343	2.106299	0.725000	8153.000000
2.5	-1.575342	1.223154	0.385458	2.161417	0.717500	8179.000000
2.51	-2.027397	1.208054	0.419323	2.429134	0.731000	8223.000000
2.52	-1.773973	1.105705	0.457171	2.165354	0.704500	8246.000000
2.53	-1.835616	1.132550	0.451195	2.173228	0.706000	8275.000000
2.54	-1.828767	1.139262	0.462151	2.267717	0.726000	8309.000000
2.55	-1.753425	1.093960	0.448207	2.267717	0.711000	8340.000000
2.56	-1.616438	1.028523	0.380478	2.263780	0.667000	8370.000000
2.57	-1.609589	1.052013	0.343625	2.251969	0.654500	8390.000000
2.58	-1.527397	0.956376	0.352590	2.224409	0.633000	8415.000000
2.59	-1.630137	0.894295	0.276892	2.295276	0.578000	8448.000000
2.6	-1.773973	0.907718	0.327689	2.212598	0.586500	8480.000000
2.61	-1.369863	0.823826	0.362550	2.145669	0.600000	8515.000000
2.62	-1.424658	0.699664	0.396414	2.228346	0.586500	8549.000000
2.63	-1.554795	0.587248	0.473108	2.354331	0.598000	8583.000000
2.64	-1.500000	0.634228	0.356574	2.248031	0.544000	8617.000000
2.65	-1.417808	0.642617	0.324701	2.259843	0.538000	8642.000000
2.66	-1.424658	0.593960	0.375498	2.118110	0.530500	8675.000000
2.67	-1.869863	0.602349	0.412351	2.118110	0.519000	8708.000000
2.68	-1.849315	0.555369	0.339641	2.125984	0.471000	8739.000000
2.69	-2.301370	0.597315	0.287849	1.783465	0.381000	8769.000000
2.7	-2.417808	0.790268	0.301793	1.751969	0.433000	8797.000000
2.71	-2.410959	0.832215	0.277888	1.618110	0.417000	8826.000000
2.72	-2.486301	0.808725	0.303785	1.480315	0.400000	8863.000000
2.73	-2.219178	0.894295	0.297809	1.397638	0.431500	8892.000000
2.74	-2.287671	0.684564	0.298805	1.496063	0.377000	8923.000000
2.75	-2.061644	0.791946	0.265936	1.366142	0.392500	8953.000000
2.76	-2.198630	0.795302	0.313745	1.334646	0.403500	8977.000000
2.77	-1.938356	0.793624	0.442231	1.807087	0.546500	9005.000000
2.78	-2.068493	0.867450	0.345618	1.811024	0.511000	9037.000000
2.79	-1.520548	0.800336	0.323705	1.901575	0.531500	9066.000000
2.8	-1.301370	0.718121	0.363546	1.901575	0.543000	9095.000000
2.81	-1.232877	0.649329	0.376494	1.826772	0.524500	9125.000000
2.82	-1.232877	0.607383	0.374502	2.015748	0.535000	9161.000000
2.83	-1.390411	0.617450	0.358566	2.098425	0.529000	9185.000000
2.84	-1.267123	0.580537	0.487052	2.102362	0.592000	9220.000000
2.85	-1.191781	0.609060	0.515936	2.011811	0.609000	9249.000000
2.86	-1.027397	0.572148	0.608566	2.248031	0.686500	9278.000000
2.87	-1.020548	0.598993	0.591633	2.259843	0.688000	9314.000000
2.88	-1.006849	0.520134	0.631474	2.133858	0.669500	9343.000000
2.89	-1.226027	0.585570	0.642430	2.082677	0.672000	9381.000000
2.9	-1.212329	0.546980	0.753984	2.066929	0.715500	9430.000000
2.91	-1.205479	0.352349	0.757968	2.031496	0.655500	9458.000000
2.92	-1.273973	0.355705	0.926295	2.110236	0.746000	9487.000000
2.93	-1.226027	0.434564	0.908367	2.279528	0.785500	9506.000000
2.94	-1.198630	0.530201	0.955179	2.244094	0.835000	9536.000000
2.95	-1.178082	0.501678	1.103586	2.133858	0.888500	9560.000000
2.96	-1.246575	0.510067	1.197211	1.799213	0.890500	9603.000000
2.97	-1.150685	0.496644	1.225100	2.232283	0.962500	9626.000000
2.98	-1.356164	0.649329	1.250000	2.224409	1.004500	9662.000000
2.99	-1.821918	0.563758	1.317729	2.232283	0.980000	9696.000000
3	-1.746575	0.550336	1.291833	2.275591	0.974000	9734.000000
3.01	-1.883562	0.656040	1.238048	2.078740	0.943500	9772.000000
3.02	-1.952055	0.679530	1.220120	2.000000	0.926500	9804.000000
3.03	-1.938356	0.766779	1.243028	1.870079	0.948500	9837.000000
3.04	-1.931507	0.751678	1.231076	1.992126	0.954000	9868.000000
3.05	-1.972603	0.897651	1.260956	1.795276	0.984500	9899.000000
3.06	-1.972603	0.904362	1.263944	1.846457	0.994500	9930.000000
3.07	-2.178082	1.025168	1.294821	2.003937	1.051000	9957.000000
3.08	-2.212329	1.030201	1.242032	2.051181	1.029500	9989.000000
3.09	-2.205479	0.981544	1.193227	2.086614	0.995500	10019.000000
3.1	-2.006849	1.036913	1.262948	1.877953	1.035000	10047.000000
3.11	-2.150685	0.872483	1.297809	2.051181	1.015000	10078.000000
3.12	-2.212329	0.927852	1.225100	1.972441	0.980500	10108.000000
3.13	-2.342466	1.053691	1.217131	2.078740	1.018000	10136.000000
3.14	-2.568493	1.075503	1.195219	1.830709	0.965500	10168.000000
3.15	-2.554795	1.065436	1.090637	1.799213	0.907000	10196.000000
3.16	-2.452055	0.855705	1.166335	2.102362	0.928500	10224.000000
3.17	-2.410959	0.796980	1.207171	2.114173	0.936000	10255.000000
3.18	-2.410959	0.733221	1.211155	2.322835	0.945500	10283.000000
3.19	-2.397260	0.835570	1.185259	2.409449	0.975000	10317.000000
3.2	-2.541096	0.813758	1.156375	2.448819	0.948500	10345.000000
3.21	-2.890411	0.855705	1.024900	2.472441	0.872500	10385.000000
3.22	-2.808219	0.847315	1.091633	2.393701	0.899500	10415.000000
3.23	-2.828767	0.813758	1.063745	2.425197	0.878000	10444.000000
3.24	-2.678082	0.812081	1.145418	2.476378	0.936000	10471.000000
3.25	-2.678082	0.855705	1.092629	2.645669	0.944000	10510.000000
3.26	-2.808219	0.854027	1.011952	2.775591	0.910000	10535.000000
3.27	-2.931507	0.869128	1.003984	2.488189	0.865000	10553.000000
3.28	-2.815068	0.857383	1.013944	2.570866	0.885500	10585.000000
3.29	-2.513699	0.756711	1.039841	2.507874	0.882500	10618.000000
3.3	-2.486301	0.770134	1.074701	2.192913	0.866000	10648.000000
3.31	-2.424658	0.721477	1.065737	2.279528	0.862500	10670.000000
3.32	-2.890411	0.644295	0.990040	2.397638	0.782500	10712.000000
3.33	-3.157534	0.674497	1.093625	2.318898	0.814000	10752.000000
3.34	-3.219178	0.692953	1.129482	2.437008	0.848000	10781.000000
3.35	-3.143836	0.729866	1.087649	2.401575	0.839000	10814.000000
3.36	-3.000000	0.963087	1.075697	2.598425	0.938000	10845.000000
3.37	-2.917808	0.860738	1.072709	2.484252	0.897500	10878.000000
3.38	-2.773973	0.820470	1.107570	2.610236	0.929500	10909.000000
3.39	-3.212329	0.755034	1.106574	2.744094	0.894500	10936.000000
3.4	-3.280822	0.570470	1.142430	2.503937	0.822000	10977.000000
3.41	-3.650685	0.531879	1.153386	2.385827	0.774000	11003.000000
3.42	-3.842466	0.526846	1.218127	2.433071	0.797000	11030.000000
3.43	-3.849315	0.506711	1.235060	2.523622	0.810500	11056.000000
3.44	-3.424658	0.426174	1.257968	2.311024	0.802000	11092.000000
3.45	-3.486301	0.481544	1.249004	2.456693	0.828000	11124.000000
3.46	-3.479452	0.370805	1.277888	2.346457	0.796000	11160.000000
3.47	-3.410959	0.231544	1.249004	2.267717	0.735000	11193.000000
3.48	-3.417808	0.387584	1.223108	2.389764	0.783500	11225.000000
3.49	-3.273973	0.463087	1.206175	2.409449	0.810500	11262.000000
3.5	-3.404110	0.563758	1.215139	2.271654	0.818000	11303.000000
3.51	-3.534247	0.568792	1.191235	2.275591	0.798500	11342.000000
3.52	-3.719178	0.632550	1.285857	1.956693	0.811000	11375.000000
3.53	-3.500000	0.756711	1.254980	1.885827	0.839500	11402.000000
3.54	-3.547945	0.805369	1.222112	1.960630	0.843500	11432.000000
3.55	-3.472603	0.692953	1.257968	1.881890	0.823500	11460.000000
3.56	-3.458904	0.696309	1.388446	1.728346	0.871500	11499.000000
3.57	-3.212329	0.662752	1.315737	1.767717	0.848000	11525.000000
3.58	-3.150685	0.751678	1.254980	1.692913	0.839000	11547.000000
3.59	-3.205479	0.812081	1.243028	1.614173	0.837000	11571.000000
3.6	-3.061644	0.832215	1.221116	1.665354	0.849000	11599.000000
3.61	-2.924658	0.778523	1.313745	1.602362	0.881500	11636.000000
3.62	-2.910959	0.904362	1.263944	1.645669	0.900500	11662.000000
3.63	-2.849315	0.914430	1.202191	1.559055	0.866000	11694.000000
3.64	-2.876712	0.969799	1.112550	1.574803	0.837500	11716.000000
3.65	-2.945205	1.000000	1.031873	1.511811	0.793000	11765.000000
3.66	-2.952055	1.075503	1.002988	1.515748	0.801000	11793.000000
3.67	-3.534247	1.145973	0.899402	1.527559	0.729000	11825.000000
3.68	-3.602740	1.030201	1.029880	1.452756	0.745500	11860.000000
3.69	-3.760274	1.184564	0.896414	1.712598	0.746000	11894.000000
3.7	-3.828767	1.312081	0.904382	1.649606	0.775000	11930.000000
3.71	-3.897260	1.253356	0.864542	1.637795	0.731000	11953.000000
3.72	-4.047945	1.414430	0.944223	1.566929	0.799000	11983.000000
3.73	-4.041096	1.369128	0.925299	1.496063	0.767500	12014.000000
3.74	-4.082192	1.333893	1.128486	1.381890	0.841500	12042.000000
3.75	-3.547945	1.382550	1.012948	1.393701	0.838500	12067.000000
3.76	-3.684932	1.580537	1.024900	1.358268	0.889000	12097.000000
3.77	-3.746575	1.550336	0.952191	1.507874	0.858000	12128.000000
3.78	-3.678082	1.503356	0.947211	1.629921	0.862000	12152.000000
3.79	-3.328767	1.525168	0.986056	1.492126	0.896000	12189.000000
3.8	-3.184932	1.476510	0.979084	1.389764	0.875500	12215.000000
3.81	-3.287671	1.370805	0.934263	1.598425	0.840500	12236.000000
3.82	-3.150685	1.332215	0.856574	1.637795	0.805000	12264.000000
3.83	-3.000000	1.377517	0.886454	1.527559	0.830500	12307.000000
3.84	-2.630137	1.390940	0.818725	1.614173	0.838500	12345.000000
3.85	-2.630137	1.308725	0.831673	1.610236	0.820000	12373.000000
3.86	-2.280822	1.340604	0.801793	1.570866	0.835000	12406.000000
3.87	-2.335616	1.531879	0.719124	1.700787	0.863000	12427.000000
3.88	-2.335616	1.553691	0.704183	1.913386	0.889000	12454.000000
3.89	-2.198630	1.558725	0.651394	1.763780	0.855000	12484.000000
3.9	-2.239726	1.595638	0.551793	1.830709	0.821500	12504.000000
3.91	-2.472603	1.672819	0.509960	1.748031	0.796000	12533.000000
3.92	-2.095890	1.692953	0.498008	1.862205	0.838000	12561.000000
3.93	-2.219178	1.872483	0.408367	1.980315	0.852500	12594.000000
3.94	-2.136986	1.860738	0.441235	1.901575	0.861500	12628.000000
3.95	-2.054795	1.921141	0.489044	1.858268	0.904000	12671.000000
3.96	-1.986301	1.944631	0.389442	1.901575	0.871500	12694.000000
3.97	-1.910959	1.946309	0.332669	2.019685	0.864000	12717.000000
3.98	-2.102740	1.991611	0.252988	2.000000	0.821000	12752.000000
3.99	-2.342466	1.966443	0.198207	2.082677	0.779000	12786.000000
4	-2.239726	1.874161	0.186255	2.248031	0.774000	12805.000000
4.01	-2.171233	1.612416	0.161355	2.287402	0.693500	12839.000000
4.02	-2.452055	1.642617	0.246016	2.133858	0.705000	12865.000000
4.03	-2.328767	1.664430	0.216135	2.047244	0.694500	12898.000000
4.04	-1.924658	1.674497	0.235060	1.889764	0.716500	12932.000000
4.05	-1.856164	1.645973	0.297809	1.870079	0.742000	12969.000000
4.06	-1.780822	1.652685	0.279880	1.921260	0.747000	13011.000000
4.07	-1.746575	1.791946	0.282869	2.133858	0.819500	13038.000000
4.08	-1.815068	1.691275	0.302789	2.161417	0.798000	13060.000000
4.09	-1.808219	1.659396	0.323705	2.027559	0.782500	13087.000000
4.1	-1.657534	1.822148	0.241036	1.944882	0.790000	13118.000000
4.11	-1.910959	1.895973	0.159363	1.984252	0.757500	13147.000000
4.12	-1.979452	1.937919	0.082669	2.027559	0.732000	13174.000000
4.13	-2.054795	1.958054	0.166335	2.161417	0.791500	13202.000000
4.14	-2.109589	1.964765	0.138446	2.122047	0.770500	13232.000000
4.15	-2.212329	1.907718	0.264940	2.244094	0.825000	13260.000000
4.16	-2.130137	2.013423	0.304781	2.338583	0.894500	13294.000000
4.17	-2.458904	2.031879	0.375498	2.047244	0.874500	13328.000000
4.18	-2.376712	2.050336	0.326693	2.303150	0.894000	13357.000000
4.19	-2.089041	2.152685	0.339641	2.188976	0.937500	13383.000000
4.2	-2.294521	2.142617	0.386454	2.401575	0.970000	13415.000000
4.21	-2.226027	2.203020	0.313745	2.137795	0.923000	13443.000000
4.22	-2.287671	2.194631	0.456175	2.169291	0.991500	13472.000000
4.23	-2.417808	2.255034	0.479084	2.271654	1.024500	13507.000000
4.24	-2.356164	2.305369	0.363546	2.307087	0.990500	13530.000000
4.25	-2.219178	2.156040	0.383466	2.318898	0.967500	13557.000000
4.26	-2.335616	2.152685	0.376494	2.334646	0.956500	13580.000000
4.27	-2.328767	2.268456	0.363546	2.259843	0.975500	13605.000000
4.28	-2.328767	2.337248	0.280876	2.299213	0.959500	13634.000000
4.29	-2.253425	2.228188	0.278884	2.350394	0.938000	13659.000000
4.3	-1.842466	2.382550	0.297809	2.192913	1.003500	13696.000000
4.31	-1.835616	2.436242	0.044821	2.586614	0.943000	13732.000000
4.32	-1.904110	2.387584	0.112550	2.622047	0.962000	13771.000000
4.33	-1.883562	2.323826	0.144422	2.720472	0.973000	13805.000000
4.34	-1.856164	2.234899	0.168327	2.720472	0.960500	13831.000000
4.35	-1.712329	2.253356	0.160359	2.669291	0.966000	13855.000000
4.36	-2.171233	2.325503	0.165339	2.598425	0.947500	13889.000000
4.37	-2.102740	2.213087	0.255976	2.641732	0.970000	13925.000000
4.38	-2.171233	2.142617	0.325697	2.645669	0.979500	13953.000000
4.39	-2.267123	2.122483	0.374502	2.649606	0.991500	13980.000000
4.4	-2.472603	2.088926	0.429283	2.791339	1.012000	14015.000000
4.41	-2.082192	1.966443	0.303785	2.948819	0.961000	14043.000000
4.42	-1.910959	2.031879	0.259960	3.027559	0.981000	14074.000000
4.43	-2.369863	1.954698	0.325697	2.822835	0.931500	14099.000000
4.44	-2.369863	1.956376	0.302789	2.952756	0.937000	14134.000000
4.45	-2.363014	1.988255	0.329681	2.807087	0.942000	14170.000000
4.46	-2.294521	1.875839	0.310757	2.814961	0.905000	14203.000000
4.47	-2.335616	1.971477	0.272908	2.889764	0.921000	14235.000000
4.48	-2.321918	2.021812	0.191235	2.838583	0.889500	14266.000000
4.49	-2.390411	1.971477	0.187251	2.799213	0.862500	14287.000000
4.5	-2.376712	1.922819	0.176295	2.996063	0.868500	14311.000000
4.51	-2.582192	1.929530	0.179283	3.122047	0.873000	14330.000000
4.52	-2.630137	1.916107	0.097610	3.114173	0.823500	14360.000000
4.53	-2.561644	1.843960	0.164343	2.933071	0.817500	14401.000000
4.54	-2.239726	1.906040	0.163347	3.118110	0.882500	14433.000000
4.55	-2.219178	1.771812	0.165339	3.381890	0.878500	14456.000000
4.56	-2.027397	1.751678	0.271912	3.311024	0.931000	14494.000000
4.57	-2.020548	1.798658	0.103586	3.318898	0.862000	14528.000000
4.58	-1.506849	1.869128	-0.030876	3.393701	0.862500	14553.000000
4.59	-1.424658	1.879195	0.018924	3.370079	0.893500	14593.000000
4.6	-1.363014	2.003356	0.040837	3.086614	0.910000	14622.000000
4.61	-1.958904	1.989933	0.104582	3.173228	0.905500	14656.000000
4.62	-2.013699	2.068792	0.244024	2.988189	0.971500	14685.000000
4.63	-2.116438	1.959732	0.285857	2.968504	0.950000	14718.000000
4.64	-2.171233	2.028523	0.206175	3.000000	0.930500	14746.000000
4.65	-1.876712	2.052013	0.201195	3.208661	0.983000	14784.000000
4.66	-1.931507	1.984899	0.219124	3.094488	0.953500	14816.000000
4.67	-1.773973	2.008389	0.079681	3.094488	0.902000	14851.000000
4.68	-1.952055	2.048658	0.060757	3.448819	0.936500	14880.000000
4.69	-1.952055	2.016779	-0.022908	3.496063	0.891000	14916.000000
4.7	-1.732877	1.989933	-0.061753	3.744094	0.911000	14942.000000
4.71	-1.904110	1.879195	0.110558	3.740157	0.951500	14973.000000
4.72	-2.095890	1.917785	0.174303	3.649606	0.969500	15000.000000
4.73	-1.945205	1.830537	0.063745	3.653543	0.899500	15035.000000
4.74	-1.938356	1.817114	0.053785	3.492126	0.870500	15068.000000
4.75	-2.000000	1.823826	0.104582	3.799213	0.932500	15093.000000
4.76	-1.780822	1.828859	0.103586	3.763780	0.945000	15144.000000
4.77	-2.061644	1.857383	0.054781	3.602362	0.888000	15175.000000
4.78	-2.068493	1.976510	0.064741	3.732283	0.944500	15207.000000
4.79	-2.054795	2.082215	0.028884	3.440945	0.922000	15239.000000
4.8	-1.554795	2.078859	0.044821	3.484252	0.971000	15270.000000
4.81	-1.349315	1.961409	0.050797	3.468504	0.952000	15307.000000
4.82	-1.931507	1.941275	0.027888	3.464567	0.891500	15336.000000
4.83	-1.849315	1.929530	0.096614	3.464567	0.928500	15368.000000
4.84	-2.054795	1.874161	0.165339	3.515748	0.938000	15400.000000
4.85	-1.917808	1.855705	0.060757	3.933071	0.943000	15431.000000
4.86	-1.890411	1.770134	0.019920	3.826772	0.885500	15462.000000
4.87	-1.404110	1.721477	-0.085657	3.909449	0.864000	15496.000000
4.88	-1.397260	1.766779	-0.248008	4.059055	0.815500	15538.000000
4.89	-1.465753	1.875839	-0.255976	4.094488	0.843500	15572.000000
4.9	-1.712329	1.817114	-0.171315	3.988189	0.837000	15607.000000
4.91	-1.773973	1.852349	-0.103586	4.027559	0.882000	15635.000000
4.92	-1.712329	1.904362	-0.007968	4.066929	0.955000	15661.000000
4.93	-1.698630	1.855705	-0.008964	3.775591	0.904000	15685.000000
4.94	-1.691781	1.877517	-0.022908	3.870079	0.916000	15723.000000
4.95	-1.726027	1.805369	-0.067729	3.771654	0.857000	15745.000000
4.96	-1.794521	1.744966	-0.094622	3.728346	0.815000	15782.000000
4.97	-1.863014	1.766779	0.039841	3.850394	0.899500	15812.000000
4.98	-1.410959	1.734899	0.036853	3.937008	0.932500	15843.000000
4.99	-1.397260	1.751678	0.003984	3.909449	0.918500	15869.000000
5	-1.041096	1.746644	-0.080677	3.921260	0.902000	15900.000000
